Name;URL
Китап радиосы;http://radio.tatmedia.com:8800/kitapfm
Саф радиосы;https://c7.radioboss.fm:18335/stream
Күнел Радиосы;http://live.kunelradio.ru:8000/128.mp3
Курай ФМ;http://av.bimradio.ru:8066/kurai_mp3
Юлдаш (башкирское радио);https://radio.mediacdn.ru/uldash.mp3
Радио Матур;http://radio.matur-tv.ru/radio/radio-mp3-128k
Ватан сердасы (крым татар);http://91.214.128.125:64000/vatan
Ашҡаҙар радиоһы (Башҡортостан);http://radio.mediacdn.ru/ashkadar.mp3
Дулкын радиосы;http://radio.tatmedia.com:8800/Saba
РадиоТМК (Казахстан);http://a4.radioheart.ru:8036/RH13170
Татарская поп музыка;http://pub0101.101.ru:8000/stream/pro/aac/64/246
ТатРадиоЦентр;https://listen4.myradio24.com/trc
Белем радиосы;https://radiobelem.ru/belem128
Тәртип FM (93.1) Казань;https://radio.tatmedia.com:8443/tartipfm
Татар радиосы ;https://tatarradio.hostingradio.ru/tatarradio320.mp3
Болгар радиосы;https://live.bolgarradio.com/b_aac_hifi.m3u8
Татарстан Авазы;https://listen6.myradio24.com/gtrk
Роксана радиосы;https://listen1.myradio24.com/2761
Татарская Народная Музыка;https://pub0302.101.ru:8000/stream/pro/aac/64/262
Әтнә театры интернет-радиосы;https://c2.radioboss.fm:18571/stream
ТАТАРСТАН МӘДӘНИЯТЕ;https://c20.radioboss.fm:8560/stream
Ногайское радио;http://radio05.ru:8000/nogayskoe_radio_128
Таван радио (Чувашское);http://icecast.ntrk21.ru:8000/tavan
Жулдыз FM;http://91.201.214.229:8000/zhulduz
Классические гитары (181 FM - Classical Guitar);http://listen.181fm.com:7080/181-classicalguitar_128k.mp3
Классик ФМ;http://cfm.jazzandclassic.ru:14536/rcstream.mp3
Классика для учебы;https://m4a-64.jango.com/26/65/24/2665246780157773017.m4a
Бизнес ФМ Казань;https://stream.volnorez.com/live-app/891608
Story FM Radio;https://stream02.pcradio.ru/storyru-med
Радио Фантастики;http://fantasyradioru.no-ip.biz:8002/live
Harrys Magical Stories Radio;https://stream02.pcradio.ru/harry_potter-med
Стругацкие радио;https://stream02.pcradio.ru/strugat_audioshows-med
Радио Антология;https://stream02.pcradio.ru/rad_rdantlgy-med
Литературное радио;https://79.137.234.183:8000/;stream.mp3
Радиотеатр;https://stream02.pcradio.ru/rad_rtrclbrdttr-med
Радио «ЗвукоКнига»;http://94.181.45.104:8005/;stream.nsv/
Умное Радио;https://umnoe.amgradio.ru/Umnoe
Радио Старый портфель;https://stream02.pcradio.ru/rad_oldportfl-med
Радио «Книга»;http://bookradio.hostingradio.ru:8069/fm
Радио классик (русская поэзия);https://stream02.pcradio.ru/radioclassicfmrupoesia-med
Радио Каприз (русская поэзия);https://stream.pcradio.ru/caprice_poetry-med
Радио «Сказка FM»;https://skazka.amgradio.ru/Skazka
Sci-Fi Old Time Radio;https://s1.voscast.com:8653/stream
America Old Time Radio;https://kea.cdnstream.com/1893_128
Krypton Radio;https://station.kryptonradio.com:8080/stream
America’s Old Time Radio Comedy Channel;https://hemnos.cdnstream.com/1666_32
Wild West OTR Channel;https://kea.cdnstream.com/1838_32
Old Time Tales;https://strw3.openstream.co/903
Crime Fighter Detectives Channel;https://hemnos.cdnstream.com/1665_32
Mystery And Suspense Radio;https://hemnos.cdnstream.com/1667_32
AudioBook Radio;https://audiobookradio.out.airtime.pro/audiobookradio_a
Юмор FM. Классика Жанра;http://pub0302.101.ru:8000/stream/pro/aac/64/21
Юмор FM. Non-Stop;http://pub0302.101.ru:8000/stream/trust/mp3/128/22
Юмор FM. Стендапы;https://pub0102.101.ru:8443/stream/pro/aac/64/245
Ретро Хит;http://retro.volna.top/Retro
Советская Классика (Русское радио);https://rr-sovclass.hostingradio.ru/sovclass96.aacp
Старое радио музыка;http://server.audiopedia.su:8000/music128
Лихие 90-е (Русское радио);https://rr-90.hostingradio.ru/rr9096.aacp
Родные нулевые (Русское радио);https://rr-00.hostingradio.ru/rr0096.aacp
Звездатые Десятые (Русское радио);https://rr-10.hostingradio.ru/rr1096.aacp
Старое радио;http://server.audiopedia.su:8000/ices64
Cleansing 50's;http://hemnos.cdnstream.com/1464_128?listenerId=98c6d16ce8c525113b7c96e49e5c0a2f&aw_0_1st.playerid=esPlayer&aw_0_1st.skey=1729149511
Cleansing 70's;http://hemnos.cdnstream.com/1466_128?listenerId=98c6d16ce8c525113b7c96e49e5c0a2f&aw_0_1st.playerid=esPlayer&aw_0_1st.skey=1729149598
Cleansing 80's;http://hemnos.cdnstream.com/1467_128?listenerId=98c6d16ce8c525113b7c96e49e5c0a2f&aw_0_1st.playerid=esPlayer&aw_0_1st.skey=1729149641
Cleansing 90's;http://hemnos.cdnstream.com/1468_128?listenerId=98c6d16ce8c525113b7c96e49e5c0a2f&aw_0_1st.playerid=esPlayer&aw_0_1st.skey=1729149755
Beyond Words;http://hemnos.cdnstream.com/1469_128?listenerId=98c6d16ce8c525113b7c96e49e5c0a2f&aw_0_1st.playerid=esPlayer&aw_0_1st.skey=1729149901
Cleansing Country;http://hemnos.cdnstream.com/1489_128?listenerId=98c6d16ce8c525113b7c96e49e5c0a2f&aw_0_1st.playerid=esPlayer&aw_0_1st.skey=1729150013
Хайповые Двадцатые (Русское радио);https://rr-20.hostingradio.ru/rr2096.aacp
Русские Каверы (Русское радио);https://rr-covers.hostingradio.ru/rrcovers96.aacp
Русский Рок (Русское радио);https://rr-russkijrok.hostingradio.ru/russkijrok96.aacp
Радио 7 на семи холмах;https://hls-01-regions.emgsound.ru/13_msk/playlist.m3u8
Энерджи Радио;http://ic5.101.ru:8000/v1_1
Детское радио (Дети ФМ);http://ic5.101.ru:8000/v14_1
Детский Канал (Русское радио);https://rr-detskijkanal.hostingradio.ru/detskijkanal96.aacp
Детское радио (Старое радио);http://server.audiopedia.su:8000/detskoe128
Монте Карло;https://montecarlo.hostingradio.ru/montecarlo128.mp3
Радио Эрмитаж;https://hermitage.hostingradio.ru/hermitage128.mp3
Бим Радио Казань;https://av.bimradio.ru/bim_mp3_128k
Дорожное радио (88,9 ФМ) Казань;https://hls-01-regions.emgsound.ru/15_kazan/playlist.m3u8
Русское радио (90.7) Казань;https://rusradio.hostingradio.ru/rusradio96.aacp
Юмор ФМ Казань;https://srv12.gpmradio.ru:8443/stream/air/aac/64/102
Студио21 (хип хоп) Казань ;https://hls.studio21.ru/studio21/playlist.m3u8
Наше радио (96.8) Казань;https://nashe1.hostingradio.ru:80/nashe-128.mp3
Радио Рекорд Казань;https://hls-01-radiorecord.hostingradio.ru/record/112/playlist.m3u8
Авторадио Казань;https://srv21.gpmradio.ru:8443/stream/air/aac/64/100
Релакс ФМ Казань;https://srv02.gpmradio.ru:8443/stream/reg/mp3/128/region_relax_9
Милицейская волна;https://radiomv.hostingradio.ru:80/radiomv128.mp3
Европа Плюс;https://hls-01-regions.emgsound.ru/11_kazan/playlist.m3u8
D FM;https://dfm.hostingradio.ru/dfm96.aacp
Радио Шансон (89.7) Казань  ;https://online2.gkvr.ru:8001/chanson_kaz_64.aac
Радио Гордость (97.2) Казань ;https://rgordost.hostingradio.ru/rgordost128.aacp
Радио Love (107.8) Казань ;https://stream2.n340.com/12_love_64_reg_44?type=aac&UID=8EE86F9F7653C544191435A1D5C33263
Пиратская Станция (радио Рекорд);https://radiorecord.hostingradio.ru/ps96.aacp
Чилаут (Wow Music);http://stream.vyshka24.ru/wowchillout
Onda Cero Madrid live;https://atres-live.ondacero.es/live/ondacero/bitrate_1.m3u8
Canal Fiesta Radio live;https://cdnlive.codev8.net/rtvalive/smil:channel5.smil/playlist.m3u8
FOX News Talk Radio;https://prod-3-86-26-249.amperwave.net/foxnewsradio-foxnewsradioaac-imc?session-id=e0486bf0236665ea2c3333451e21cf57
Bloomberg Radio;https://18863.live.streamtheworld.com/WBBRAMAAC.aac?dist=onlineradiobox
LBC Radio UK;https://media-ssl.musicradio.com/LBCLondon
TalkRADIO Radio UK;https://radio.talkradio.co.uk/stream
Times Radio UK;https://timesradio.wireless.radio/stream
BBC Radio 2;https://as-hls-ww-live.akamaized.net/pool_904/live/ww/bbc_radio_two/bbc_radio_two.isml/bbc_radio_two-audio=96000-270183254.ts
BBC World Service;https://stream.live.vc.bbcmedia.co.uk/bbc_world_service